Model,F1-Macro (Mean),F1-Macro (Std),Accuracy (Mean),Accuracy (Std)
Logistic Regression,1.0,0.0,1.0,0.0
Support Vector Classifier,0.9989421487603305,0.002115702479338788,0.99875,0.002499999999999991
Random Forest,0.9968049295739311,0.004269110030484238,0.9962500000000001,0.004999999999999982
